stepNum,ObjectNumber,Center_X,Center_Y,Major_axis,Correct Link Removed and Incorrectly Replaced,Correct Link Removed Causing Unexpected Beginning,Correct Link Removed Causing Unexpected End
248,43,25.741521126760563,8.506816901408449,4.370524168508113,Yes,,
248,45,23.583167999999997,8.490815999999999,4.941762679600054,Yes,,
248,59,14.951529411764703,11.767529411764706,6.283983348943731,Yes,,
248,209,38.07979746835443,63.33812658227848,2.389911407203065,Yes,,
248,75,5.599880597014925,13.405970149253728,3.0642854993293263,,Yes,
248,80,8.284137931034483,15.37406896551724,3.6884568702142424,,Yes,
248,87,32.78399999999999,15.88509090909091,2.3719804875788935,,Yes,
248,114,62.32136170212766,21.190978723404253,4.189350564041294,,Yes,
