stepNum,ObjectNumber,Center_X,Center_Y,Major_axis,remove and changed.incorrectly,remove link & UB incorrectly,remove link & UE incorrectly
28,172,51.78321951219512,82.32351219512195,5.103288734591481,Yes,,
37,166,19.11578947368421,65.81894736842104,3.7690210106189834,Yes,,
38,286,24.495350253807107,81.34757360406091,4.464087222077058,Yes,,
39,106,67.4376149068323,56.1143850931677,3.3925654039449937,Yes,,
33,19,38.55113513513513,44.93189189189189,3.280498953133766,No,Yes,
35,177,33.58887804878049,69.99278048780488,3.249411808750794,No,Yes,
36,214,12.66416326530612,74.22171428571428,3.242142688688572,No,Yes,
39,13,56.90510091743119,40.950165137614675,4.564276914240617,No,Yes,
39,50,57.16548837209302,48.176372093023254,3.6977852200864993,No,Yes,
