stepNum,ObjectNumber,Center_X,Center_Y,Major_axis,TrackObjects_ParentImageNumber_50,TrackObjects_ParentObjectNumber_50,unexpected_end,unexpected_beginning,Correct Removal Creating Temporary UB,Handled Temporary UB Correctly,Segmentation Errors,Correct Removal Creating Temporary UE,Handled Temporary UE Correctly
37,103,49.26436363636363,56.1010909090909,1.4963302299457322,0,0,False,True,Yes,Yes,,,
39,307,62.08288524590163,83.6687213114754,3.5960675936231756,0,0,False,True,Yes,Yes,,,
13,23,67.09808219178082,52.86476712328767,3.2229156742706255,12,17,False,True,Yes,No,,,
34,213,28.48493233082707,77.72751879699247,2.9151921236137426,33,204,False,True,Yes,No,,,
35,181,32.30083018867924,70.37524528301887,2.561810733618244,34,175,False,True,Yes,No,,,
36,265,44.218666666666664,80.05688888888888,2.234592443540621,35,247,False,True,Yes,No,,,
39,78,58.19828571428571,51.555428571428564,1.909807899830719,0,0,False,True,Yes,No,,,
39,122,65.89298360655738,57.29075409836065,2.6041275026336477,38,107,False,True,Yes,No,,,
34,175,30.820277227722773,71.41829702970297,4.374309513302722,33,157,True,False,,,,Yes,No
